question,answer,por,delta_e,grv,timestamp
「デジタルマーケティング分野でよく用いられるSEO対策の効果測定手法に関するデ,"ータを教えてください。SEO対策の効果を測定するためによく用いられる手法には、以下のようなものがあります。

1. ウェブサイトのアクセス解析：Google Analyticsや他のアクセス解析ツールを利用して、検索エンジンからの流入やページビュー数、滞在時間などを分析することで、SEO対策の効果を把握します。

2. キーワードランキングのチェック：SEO対策の効果を測定するためには、重要なキーワードに対するランキングを定期的にチェックし、上昇傾向や変動を確認します。

3. コンバージョン率の測定：ウェブサイトへの訪問者がサイト内で行うアクション（購入、問い合わせなど）の割合を計測し、SEO対策の成果を可視化します。

4. リンクの数や品質のチェック：他サイトからのリンクの数や品質を調査し、リンクの質の向上や外部からのリンク数の増加がSEO対策の効果に与える影響を評価します。

これらの手法を組み合わせて、SEO対策の効果を総合的に測定し、戦略の改善や最適化を行うことが重要です。",0.55,0.0,0.632,1747926700.6744566
SEO対策の成果を評価する際に、ウェブサイトのコンテンツの質やユーザビリテ,"ィなどを確認する方法があります。以下にいくつかのポイントを示します。

1. トラフィックの増加: SEO対策が効果的であれば、ウェブサイトへのトラフィックが増加するはずです。Google Analyticsなどのアナリティクスツールを使用して、過去のトラフィックと比較して成果を評価しましょう。

2. 検索エンジンランキング: SEO対策が効果的であれば、ウェブサイトの検索エンジンランキングが上昇するはずです。定期的にキーワードの検索ランキングをモニタリングし、改善の成果を確認しましょう。

3. ユーザビリティ: SEO対策を行った結果、ユーザビリティが向上したかどうかも重要なポイントです。ユーザビリティテストを実施し、ユーザーがウェブサイト上でスムーズにナビゲートできるようになっているかどうかを確認しましょう。

4. コンテンツの質: SEO対策を行った結果、ウェブサイトのコンテンツの質が向上しているかどうかも重要です。コンテンツの質を評価するために、ページビューや滞在時間などの指標を分析し、改善の成果を確認しましょう。

以上のポイントを踏まえて、SEO対策の成果を客観的に評価し、必要に応じて改善を進めることが重要です。",0.455,1.0,0.705,1747926707.4264846
SEO対策によってウェブサイトのトラフィックやランキングが向上することは分かっていますが、その影,"響も考える必要があります。SEO対策を行うことでトラフィックやランキングが向上した場合、以下のような影響があります。

1. ユーザーエクスペリエンスの向上: SEO対策によってウェブサイトのコンテンツが見やすくなり、ユーザーが求める情報に簡単にアクセスできるようになります。これによりユーザーエクスペリエンスが向上し、ユーザーの満足度が高まります。

2. 収益の増加: SEO対策によってウェブサイトのトラフィックが増加し、それに伴い売上や広告収入などの収益も増加することが期待されます。

3. ブランドの可視性向上: SEO対策によってウェブサイトのランキングが上がると、ユーザーの目に留まる機会が増えます。これによりブランドの可視性が向上し、ブランド知名度や信頼度が高まります。

4. 競合他社との差別化: SEO対策を行うことで、競合他社との差をつけることができます。ウェブサイトのランキングが上がることで、ユーザーが自社のサイトを選ぶ理由が増えるため、競合他社との差別化が図れます。

以上のように、SEO対策によってウェブサイトのトラフィックやランキングが向上することで、様々なプラスの影響が期待されます。SEO対策は今やウェブサイト運営の必須項目となっており、適切な対策を行うことでビジネスの成功につなげることができます。",0.501,0.96,0.689,1747926713.6812403
SEO対策を行うことでオンラインショップの売上増加が期待されますが、その際に重要な,"ポイントは以下の通りです。

1. キーワードの適切な選定：検索エンジンでよく検索されるキーワードを選定し、商品ページやブログ記事に適切に配置することで、検索順位を上げることができます。

2. 内部リンクの強化：関連性の高いページ同士をリンクさせることで、検索エンジンがサイトの構造を理解しやすくなります。

3. 外部リンクの獲得：他のサイトからのリンクを集めることで、サイトの信頼性と権威性を向上させることができます。

4. コンテンツの充実：情報量が豊富でユーザーに価値のあるコンテンツを提供することで、検索エンジンから評価されやすくなります。

5. レスポンシブデザインの導入：スマートフォンやタブレットからのアクセスが増えているため、レスポンシブデザインを導入することでモバイルユーザーにも快適な閲覧環境を提供することが重要です。

これらのポイントをしっかりと押さえることで、SEO対策によるオンラインショップの売上増加を期待することができます。",0.479,1.0,0.652,1747926717.5654118
研究成果をSNSで広く発信するために、どのような方法や戦略が効果的であ,"しょうか？

1. ビジュアルコンテンツの活用：研究結果やアイデアを分かりやすく伝えるために、グラフや図、写真、動画などのビジュアルコンテンツを積極的に活用することが効果的です。

2. インフルエンサーとのコラボレーション：SNSで影響力のあるインフルエンサーとコラボレーションし、研究成果を広めることで、より多くの人々にアクセスを拡大することができます。

3. コンテンツマーケティング：研究成果を独自の視点や物語で紹介し、興味を引くコンテンツを定期的に配信することで、SNS上での注目度を高めることができます。

4. ハッシュタグの活用：関連するキーワードやトレンドに合わせたハッシュタグを積極的に利用することで、より多くの人々に研究成果をアピールすることができます。

5. 参加者とのコミュニケーション：SNS上で研究に関心を持つフォロワーや読者と積極的にコミュニケーションを取りながら、意見やフィードバックを収集することで、研究成果の広がりを促すことができます。

これらの方法や戦略を組み合わせることで、研究成果をSNS上で効果的に発信し、多くの人々に届けることができるでしょう。",0.464,0.92,0.652,1747926743.150867
研究成果をSNS上で効果的に発信するために、どのようにインフルエンサーとのコ,"ラボレーションを行うか、以下のような方法が考えられます。

1. 適切なインフルエンサーの選定
SNS上で影響力を持つインフルエンサーを選定することが重要です。自分の研究成果やテーマと関連性の高いインフルエンサーを選び、そのフォロワーに自分の研究成果を効果的に発信してもらうよう依頼します。

2. 協力体制の構築
インフルエンサーとのコラボレーションは、お互いの信頼関係を築くことが重要です。インフルエンサーに自分の研究成果について詳しく説明し、共同で企画や実施方法を検討するなど、協力体制を構築します。

3. プロモーションの戦略立案
インフルエンサーとのコラボレーションを活用し、SNS上でのプロモーション戦略を立案します。適切なコンテンツを提供し、フォロワーを引き付ける方法やタイミングを考えて実施します。

4. 成果の共有とフィードバック
インフルエンサーとのコラボレーションが成功した場合、その成果を共有し、効果を評価します。また、フォロワーからのフィードバックや反応を収集し、今後のSNS戦略に活かします。

以上のような流れで、インフルエンサーとのコラボレーションを活用することで、研究成果を効果的にSNS上で発信することが可能となります。",0.362,0.62,0.689,1747926748.1567476
AIを活用してインフルエンサーとの協力を通じて、医療技術の普及を促進するた,"めのプロジェクトを立ち上げました。

このプロジェクトでは、AIを使用してインフルエンサーの適切な医療技術に関する情報を分析し、適切なターゲット層に情報を配信します。インフルエンサーは、自身のフォロワーに対して医療技術に関する正確な情報を提供することで、医療技術の普及を促進する役割を果たします。

また、AIを活用してインフルエンサーとのコラボレーションの効果を分析し、効果的なプロモーション戦略を立てることも目指しています。これにより、より多くの人々が医療技術の利点や重要性を認識し、積極的に活用するようになることが期待されます。

このプロジェクトを通じて、医療技術の普及を促進し、より健康で活力ある社会を実現するための貢献を目指しています。AIとインフルエンサーの力を結集し、医療技術の普及を加速させることで、より良い医療環境の構築に貢献したいと考えています。",0.475,0.6,0.409,1747926760.9556506
AIを活用してインフルエンサーマーケティングにおける健康情報の正確性や信頼性を向,"上させるには、以下のような取り組みが有効です。

1. 自然言語処理（NLP）を使用して、健康情報を含むコンテンツの分析を行う
AIを活用して、インフルエンサーが投稿する健康情報やアドバイスを自動的にスクレイプして分析することで、その情報の正確性や信頼性を評価することができます。NLPを使用することで、テキストの感情分析や文脈の理解を行い、誤情報や誤解を招く可能性がある内容を検出することができます。

2. 専門家との協力
AIを活用して健康情報を分析する際には、医師や栄養士などの専門家とコラボレーションすることが重要です。専門家の知識や意見を取り入れることで、正確な情報を提供することができ、信頼性の向上につながります。

3. クラウドソーシングを活用した検証
AIを活用して自動的に健康情報を分析する一方で、クラウドソーシングを活用して人間による検証も行うことが効果的です。信頼性の高い情報を提供するためには、AIと人間の両方の力を活用することが重要です。

以上のような取り組みを通じて、AIを活用してインフルエンサーマーケティングにおける健康情報の正確性や信頼性を向上させることが可能となります。",0.457,1.0,0.632,1747926768.4330313
健康情報を効果的に伝えるためには、AIを活用してどのようにデータ収集や分析,"を行うか、以下のようなプロセスを考えることができます。

1. データの収集: AIを活用して、様々な健康情報やデータを効率的に収集することができます。例えば、健康アプリやウェアラブルデバイスから得られるデータ、医療機関からの診療記録や検査結果などを収集することができます。

2. データの分析: 収集したデータをAIを用いて分析することで、健康情報をより詳細かつ正確に把握することが可能です。例えば、個々のユーザーの健康状態やリスクを評価し、適切なアドバイスや予防措置を提供することができます。

3. パーソナライズドな情報提供: AIを活用することで、個々のユーザーに適した健康情報や行動を提供することが可能です。例えば、ユーザーの健康目標や状態に合わせて、食事や運動のアドバイスをカスタマイズすることができます。

4. 効果的なコミュニケーション: AIを活用して、健康情報を分かりやすく伝える方法を探ることができます。例えば、ユーザーがわかりやすい言葉やグラフィックを使用して情報を提示することで、健康意識の向上や行動変容を促すことができます。

以上のようなプロセスを通じて、AIを活用することで効果的に健康情報を伝えることが可能となります。AIの技術を活用することで、より正確でパーソナライズされた健康情報提供が実現できるとともに、健康意識の向上や予防医療の推進にも貢献することができます。",0.435,1.0,0.689,1747926775.7946663
特定のユーザーが栄養バランスを欠いていると判断された場合、AIはその個人に合,わせた栄養バランスを提案することができます。例えば、その人の身体情報や食生活のデータを元に、適切な栄養素の摂取量や食材の組み合わせを提案することができます。また、その人の好みや制約も考慮して、実際に取り入れやすい提案を行うことも可能です。そのため、AIを活用することで、個々の栄養状態を改善するための具体的なアドバイスを受けることができます。,0.534,0.54,0.176,1747926782.6512094
どのようにして、この食事内容や生活習慣をAIが分析するのか、詳細を教えても,"AIが食事内容や生活習慣を分析する方法にはいくつかのアプローチがあります。

1. データの収集: AIは、ユーザーが提供するデータ（食事記録、身体活動量、睡眠時間など）を収集し、分析の基礎とします。

2. データの解釈: AIは、収集したデータを解釈し、パターンや傾向を特定します。例えば、ユーザーが摂取する栄養素やカロリーのバランス、睡眠時間と睡眠の質などを分析します。

3. 予測とアドバイス: AIは、これらのデータや情報を元に、ユーザーの健康状態や生活習慣に関する予測を行います。また、個々のユーザーに対して、適切な食事や運動のアドバイスを提供することも可能です。

4. フィードバックと改善: AIは、ユーザーが行った行動や変化に対してフィードバックを提供し、改善点や注意点を示します。また、成果を評価し、適切な行動計画を立てるお手伝いもします。

これらのプロセスを通じて、AIはユーザーの健康や生活習慣に関する情報を分析し、適切なアドバイスやサポートを提供することができます。",0.53,1.0,0.689,1747926790.2186017
AIが健康を管理する際、どのようにして個々のユーザーに最適な食事や運動,"を提案するかという点について、以下にいくつかの方法をご紹介します。

1. 個々のユーザーの健康状態や目標を分析する：AIはユーザーの健康データ（体重、身長、年齢、性別、健康状態など）を収集し、それに基づいて最適な食事や運動を提案します。たとえば、運動不足や栄養不足などの問題があれば、それに合わせたプランを提案します。

2. 健康アプリやウェアラブルデバイスと連携する：AIは、ユーザーの日々の活動量や睡眠状態などをモニタリングするために健康アプリやウェアラブルデバイスと連携し、より正確な情報を収集します。これにより、より適切な食事や運動プランを提案することができます。

3. ユーザーの好みや制限事項を考慮する：AIは、ユーザーの食べ物の好みやアレルギー、制限事項（ベジタリアン、ヴィーガン、炭水化物制限など）を考慮して個々に最適な食事を提案します。また、ユーザーのスケジュールやライフスタイルに合わせて、適切な運動プランを提案することも重要です。

4. 定期的に情報を更新する：ユーザーの健康状態や目標は常に変化するため、AIは定期的に情報を更新して最適な食事や運動プランを提案し続けます。これにより、ユーザーが健康を管理しやすくなります。

以上の方法を組み合わせることで、AIは個々のユーザーに最適な食事や運動プランを提案し、健康を効果的に管理することが可能となります。",0.472,1.0,0.61,1747926797.3946202
AIを活用した健康管理や疾病予防に関する効果的な施策やアプリケ,"ーションについて、以下のようなものが考えられます。

1. 個人の健康データを収集・分析し、健康リスクを予測するアプリケーション
AIを活用して、個人の健康データ（運動量、食事内容、睡眠時間など）を収集し、適切な分析を行い健康リスクを予測することで、ユーザーに健康に関するアドバイスや注意喚起を行うことができます。

2. 疾病の早期発見を支援するAI診断システム
AIを活用した病気の早期発見を支援するための診断システムが開発されています。例えば、X線画像や血液検査の結果から病気を特定するAIを活用して、医師の診断を補助することが可能です。

3. 健康管理アプリと連携した予防プログラムの提供
健康管理アプリと連携した予防プログラムを提供することで、ユーザーが健康を維持・管理するためのサポートを行うことができます。例えば、定期的な健康チェックや運動プログラム、栄養管理などが含まれます。

これらの施策やアプリケーションを活用することで、健康管理や疾病予防における効果的な取り組みが可能となります。AI技術の進化により、より精度の高い予防や治療を提供することが期待されています。",0.438,1.0,0.632,1747926813.3505435
睡眠データに基づく個別のケア提案だけでなく、日常生活やストレス管理におい,てもアドバイスができるケア提案を行うことが重要です。例えば、睡眠の質を改善するためには、日中の運動や食事、リラックス法などが影響を与えることがあります。そのため、睡眠データだけでなく、日常生活全体を見渡して、総合的なアプローチで個々の状況に合ったケア提案を行うことが必要です。また、ストレス管理に関しても、睡眠だけでなく、ストレスの原因や対処法、リラックス法などを提案することで、より効果的なケアが行えるでしょう。総合的なアプローチを取ることで、より良い結果が期待できると言えます。,0.542,0.34,0.176,1747926835.6561568
睡眠の改善だけでなく、ストレス管理の視点から、日中のリラックス法やストレス原因につ,"いても重要です。

ストレスマネジメントの視点から、日中のリラックス法としては以下のような方法があります：

1. ディープブレス
深呼吸やゆっくりとした呼吸法を行うことでリラックス効果があります。腹式呼吸やヨガの呼吸法などを取り入れると効果的です。

2. マインドフルネス瞑想
瞑想を行うことで、心を落ち着かせることができます。自分の呼吸や身体の感覚に意識を集中することで、リラックス効果を得ることができます。

3. 自然と触れ合う
自然の中で散歩をしたり、緑の中で座ってみたりすることで、自然のリラックス効果を受けることができます。

4. 趣味や好きなことをする
自分の趣味や好きなことをすることで、心をリフレッシュさせることができます。音楽を聴く、読書をする、絵を描くなど、自分に合った方法を見つけると効果的です。

5. リラックスツールを活用する
アロマテラピー、マッサージ器具、温熱パッドなど、リラックスツールを活用することで、ストレスを和らげることができます。

これらの方法を日常的に取り入れることで、ストレス管理がしやすくなります。また、ストレスの原因を把握し、その原因を取り除くような対策も重要です。日々の生活の中でストレスを感じたら、自分に合ったリラックス法を試してみてください。",0.456,1.0,0.749,1747926841.1851487
ストレスを感じたとき、自分の身体や呼吸に意識を向けて、ストレスを発散する方法は,"以下の通りです：

1. 深呼吸をする：ゆっくりと深呼吸をすることで、リラックス効果が得られます。
2. ヨガやストレッチをする：身体を動かすことで、リラックス効果が得られるだけでなく、ストレスを発散することができます。
3. マインドフルネス瞑想をする：自分の呼吸や身体の感覚に意識を向けることで、心を落ち着かせることができます。
4. マッサージを受ける：マッサージを受けることで、筋肉の緊張が和らぎ、ストレスを解消することができます。
5. バスやシャワーを浴びる：温かいお風呂やシャワーを浴びることで、身体が温まり、リラックス効果が得られます。
6. 読書や音楽を聴く：好きな本を読んだり、好きな音楽を聴くことで、気分をリフレッシュすることができます。

これらの方法を試して、ストレスを発散してください。",0.52,1.0,0.689,1747926845.7890835
ストレス管理法の中で、効果が高いとされる方法は何ですか？,"ストレス管理法の中で、効果的とされる方法は以下のようなものがあります。

1. リラックス法：深呼吸、瞑想、ヨガ、プログレッシブ・マッスル・リラクゼーションなどのリラックス法を実践することで、ストレスを解消し、リフレッシュすることができます。

2. 運動：適度な運動を行うことで、ストレスホルモンの分泌を抑え、リラックス効果を得られます。ウォーキング、ジョギング、スイミングなどがおすすめです。

3. 時間管理：スケジュール管理をしっかり行うことで、仕事や生活のバランスを整え、ストレスを軽減することができます。

4. 社交活動：友人や家族と交流を持つことで、心の支えを得ることができ、ストレス解消につながります。

5. 趣味：好きな趣味に時間を費やすことで、ストレスから離れリフレッシュすることができます。

これらの方法を組み合わせて、自分に合ったストレス管理法を見つけることが大切です。",0.402,0.86,0.652,1747926849.9997158
趣味を通じて得られる創造性やアイデアが、個人にとどまらず組織や社,"会全体にも大きな影響を与えることがあります。趣味は自己表現やストレス解消、リフレッシュなど個人の健康や幸福感に寄与するだけでなく、新しいアイデアや創造性を生み出す土壌となることがあります。

例えば、趣味として絵を描く人がいれば、その絵には独自の視点や表現が反映されるかもしれません。その絵を見た人が新しいインスピレーションを得て、商品開発や広告キャンペーンのアイデアに発展することもあります。

また、趣味を共有する仲間が集まるコミュニティやサークルを結成することで、相互の創造性やアイデアが刺激しあい、より高度な成果を生み出すことができるかもしれません。

組織や社会全体が創造性やアイデアを大切にする文化を育むためにも、個人の趣味や興味を尊重し、それを活かす仕組みや環境を整えることが重要です。個人の多様な価値観や才能を尊重し、それらを活かすことで、組織や社会全体の創造性やイノベーションを促進することができるでしょう。",0.461,0.7,0.409,1747926872.300691
個人の創造性がチームのアイデアにどのように影響を与えるかについて具体的な,"例を挙げます。

1. アイデアの多様性：個人の創造性が高いチームメンバーがいると、異なる角度から新しいアイデアが生み出されます。例えば、1人のメンバーがアートの分野で得意な場合、デザインや色彩などの視点から新しいアイデアが出るかもしれません。

2. 問題解決能力：個人の創造性が高いメンバーは、柔軟な発想力や創造力を持っており、既存の枠組みにとらわれずに問題に対処することができます。このようなメンバーがいることで、チームのアイデアの質や効果が向上する可能性があります。

3. チームのモチベーション：個人の創造性が高いメンバーがいると、チーム全体のモチベーションやエネルギーも高まることがあります。新しいアイデアや斬新な提案が出ることで、メンバー全員が活気を取り戻し、よりプロダクティブに活動することが可能となります。

このように、個人の創造性がチームのアイデアに与える影響は多岐にわたり、チーム全体の力を強化する要素として重要な役割を果たしています。",0.455,0.58,0.559,1747926888.1697466
チームの課題解決能力を向上させるために、新しいアイデアや視点を導入する,"ことが重要です。以下は、チームの課題解決能力を向上させるためのいくつかの方法です。

1. ブレーンストーミングセッションを定期的に行う：チームメンバーが集まり、自由にアイデアを出し合うことで新しい視点やアプローチを見つけることができます。

2. チーム外の専門家やコンサルタントを招く：外部の専門家やコンサルタントの意見や経験を取り入れることで、新しいアイデアや視点を得ることができます。

3. 異なるバックグラウンドを持つ人をチームに加える：異なる経験や専門知識を持つ人をチームに加えることで、問題に対する多様な視点を取り入れることができます。

4. 他の業界や国の事例を参考にする：他の業界や国での成功事例を参考にすることで、新しいアイデアやアプローチを見つけることができます。

5. デザイン思考を取り入れる：デザイン思考を用いて、問題を根本的に解決するための新しいアイデアを生み出すことができます。

これらの方法を活用することで、チームの課題解決能力を向上させることができます。新しいアイデアや視点を導入することで、チームはより柔軟で創造的なアプローチを取ることができるようになります。",0.436,1.0,0.652,1747926933.1094275
異なる世代や文化的背景を持つ人がチームで働く際に、適切なリーダーシ,"ップを発揮するためには、以下のようなスキルやアプローチが重要とされます。

1. コミュニケーションスキル：異なる世代や文化的背景を持つ人々とのコミュニケーションは、誤解や摩擦を防ぐために非常に重要です。リーダーシップを発揮する際には、明確かつ適切なコミュニケーションを心がけることが必要です。

2. フレキシブルなアプローチ：異なる背景や価値観を持つ人々がチームで働く場合、1つのアプローチや方法論が全員に適しているとは限りません。リーダーシップを発揮する際には、柔軟性を持って、個々のメンバーに合ったアプローチを取ることが求められます。

3. 受容と尊重：異なる文化的背景や世代を持つメンバーに対して、受容と尊重の態度を示すことが重要です。他者の違いを理解し、その違いを活かすことで、チーム全体の成果を最大化することができます。

4. モチベーションの引き出し：異なる世代や文化的背景を持つ人々がチームで働く場合、それぞれのメンバーが持つ異なるモチベーションや価値観を理解し、それを引き出すことが重要です。リーダーシップを発揮する際には、メンバー一人ひとりの強みやモチベーションをしっかりと把握し、チーム全体の目標に向かって導くことが求められます。

5. 問題解決能力：異なる背景や文化を持つメンバーとの間で問題が生じた際には、適切な問題解決能力が求められます。リーダーシップを発揮する際には、冷静かつ客観的な立場で問題を分析し、適切な解決策を提示することが必要です。

異なる世代や文化的背景を持つ人々がチームで協力する際には、リーダーシップを発揮する人がこれらのスキルやアプローチを持ち合わせていることが重要です。異なるバックグラウンドを持つメンバーが協力し合い、互いの違いを活かすことで、より創造的で効果的なチームワークが実現できるでしょう。",0.45,1.0,0.652,1747926949.277937
どのような方法やツールが、リーダーシップの向上と多様な視点を活用した包括的な,"リーダーシップを促進するかについて、以下にいくつかの方法やツールを示します。

1. ダイバーシティ・トレーニング：多様な視点を尊重し、包括的なリーダーシップを実践するために、ダイバーシティ・トレーニングを受けることが有効です。このトレーニングは、異なる背景や経験を持つ人々と効果的にコミュニケーションを取る方法や、偏見や差別を克服する方法を学ぶことができます。

2. コーチング：リーダーシップコーチングを受けることで、自己認識を高め、自己啓発を促進し、自己管理能力を向上させることができます。コーチングは、リーダーが自身の強みや弱みを理解し、目標を設定して成果を最大化するのに役立ちます。

3. メンターシップ：経験豊富なリーダーや上司からのメンターシップを受けることで、指導とアドバイスを受けるだけでなく、異なる視点やアプローチを学ぶことができます。メンターとの関係を通じて、自己成長を促進し、リーダーシップスキルを磨くことができます。

4. フィードバック：常にフィードバックを受けることで、自己評価を向上させ、改善の余地を見つけることができます。多様な人々からのフィードバックを受けることで、異なる視点を取り入れ、包括的なリーダーシップスタイルを発展させることができます。

5. カルチャル・インテリジェンス：カルチャル・インテリジェンスを高めるためのトレーニングを受けることで、異なる文化や背景を理解し、異文化間のコミュニケーションスキルを向上させることができます。多様な環境でのリーダーシップを展開するために、カルチャル・インテリジェンスは重要な要素となります。",0.451,1.0,0.632,1747926960.8897002
